{
  "timestamp": "2026-01-13T14:32:23.645530",
  "tests": {
    "embedding_quality": {
      "dimension": {
        "shape": [
          512
        ],
        "expected": [
          512
        ],
        "correct": true
      },
      "normalization_check": {
        "norm": 0.9999999403953552,
        "expected": 1.0,
        "correct": true
      },
      "deterministic_check": {
        "max_diff": 0.0,
        "correct": true
      },
      "no_nans": {
        "has_nans": false,
        "correct": true
      }
    },
    "fusion_analysis": {
      "gate_statistics": {
        "mean": 0.47778128028527134,
        "std": 0.4199917297719815,
        "min": 0.00033619810710661113,
        "max": 0.9999997615814209
      },
      "output_normalized": {
        "norm": 1.0,
        "correct": true
      },
      "modality_sensitivity": {
        "no_image_similarity": 0.7251921892166138,
        "no_text_similarity": 0.7632957696914673
      }
    },
    "modality_alignment": {
      "related_similarity": {
        "mean": 0.1389608159661293,
        "values": [
          0.1323389708995819,
          0.1455826610326767
        ]
      },
      "unrelated_similarity": {
        "mean": 0.34099718928337097,
        "values": [
          0.31390199065208435,
          0.3680923879146576
        ]
      }
    }
  }
}