{
  "timestamp": "2026-01-10T20:24:07.626396",
  "tests": {
    "embedding_quality": {
      "dimension": {
        "shape": [
          512
        ],
        "expected": [
          512
        ],
        "correct": true
      },
      "normalization_check": {
        "norm": 1.0,
        "expected": 1.0,
        "correct": true
      },
      "deterministic_check": {
        "max_diff": 0.0,
        "correct": true
      },
      "no_nans": {
        "has_nans": false,
        "correct": true
      }
    },
    "fusion_analysis": {
      "gate_statistics": {
        "mean": 0.5260075484593608,
        "std": 0.42154695666454517,
        "min": 4.271526904631173e-06,
        "max": 0.9999982118606567
      },
      "output_normalized": {
        "norm": 1.0,
        "correct": true
      },
      "modality_sensitivity": {
        "no_image_similarity": 0.01952272281050682,
        "no_text_similarity": 0.9998899698257446
      }
    },
    "modality_alignment": {
      "related_similarity": {
        "mean": 0.1389608308672905,
        "values": [
          0.13233895599842072,
          0.14558270573616028
        ]
      },
      "unrelated_similarity": {
        "mean": 0.34099727869033813,
        "values": [
          0.3139020502567291,
          0.36809250712394714
        ]
      }
    }
  }
}