flagged,n,mean_js,max_js,mean_top1_change_rate,mean_top5_overlap,mean_aggregate_score,baseline_aggregate_score,high_robustness_rate,medium_robustness_rate,low_robustness_rate
not_flagged,136,0.03016764705882353,0.05777352941176471,0.10049019607843135,0.8745098039215686,0.7219326349443869,0.7922355100392825,0.8823529411764706,0.11764705882352941,0.0
flagged,64,0.16512552083333332,0.3944859375,0.40625,0.8010416666666667,0.669668368634723,0.7170814436500317,0.015625,0.1875,0.796875
