robustness_level,n,flag_rate,mean_js,max_js,mean_aggregate_score,top1_change_any_rate,top5_overlap
high,121,0.008264462809917356,0.02107465564738292,0.03820413223140496,0.7320347868140875,0.1652892561983471,0.8754820936639119
medium,28,0.42857142857142855,0.1089952380952381,0.21656785714285712,0.6348427616650059,0.7857142857142857,0.85
low,51,1.0,0.17782222222222224,0.43956274509803916,0.6801923022340027,0.9607843137254902,0.7934640522875819
