{
  "timestamp": "2026-01-27T00:53:39.394385",
  "tests": {
    "embedding_comparison": {
      "distance_l2": 0.46499871214230853,
      "cosine_similarity": 0.8918527364730835,
      "per_query": [
        {
          "distance": 0.45361271500587463,
          "similarity": 0.8971177339553833
        },
        {
          "distance": 0.4736621081829071,
          "similarity": 0.887822151184082
        },
        {
          "distance": 0.4677213132381439,
          "similarity": 0.8906183242797852
        }
      ]
    },
    "alignment_improvement": {
      "status": "no_test_data"
    }
  }
}