{
  "timestamp": "2026-01-04T23:32:07.031271",
  "tests": {
    "embedding_comparison": {
      "distance_l2": 0.2228002299865087,
      "cosine_similarity": 0.9748748739560446,
      "per_query": [
        {
          "distance": 0.21588176488876343,
          "similarity": 0.976697564125061
        },
        {
          "distance": 0.19659994542598724,
          "similarity": 0.9806742072105408
        },
        {
          "distance": 0.2559189796447754,
          "similarity": 0.9672528505325317
        }
      ]
    },
    "alignment_improvement": {
      "base_similarity": 0.34534111618995667,
      "lora_similarity": 0.41114869713783264,
      "improvement": 0.06580758094787598,
      "improvement_pct": 19.055819843843377,
      "per_pair": [
        {
          "base": 0.34534111618995667,
          "lora": 0.41114869713783264,
          "improvement": 0.06580758094787598
        }
      ]
    }
  }
}