{
  "mode": "fusion",
  "timestamp": "2026-01-15T02:48:47.666838",
  "top_k": 10,
  "num_queries": 3015,
  "metrics": {
    "R@1": 0.06898839137645107,
    "P@1": 0.06898839137645107,
    "R@5": 0.3459369817578773,
    "P@5": 0.09864013266998081,
    "R@10": 0.37976782752902155,
    "P@10": 0.144543946932004,
    "MRR": 0.12891837110742305
  }
}