{
  "mode": "image",
  "timestamp": "2026-01-30T21:55:56.650499",
  "top_k": 10,
  "num_queries": 719,
  "metrics": {
    "R@1": 0.8887343532684284,
    "P@1": 0.8887343532684284,
    "R@5": 0.9972183588317107,
    "P@5": 0.1994436717663427,
    "R@10": 1.0,
    "P@10": 0.10000000000000027,
    "MRR": 0.9361900346601321,
    "per_label_accuracy": {
      "swollen tonsils": 1.0,
      "neck swelling": 1.0,
      "lip swelling": 1.0,
      "mouth ulcers": 1.0,
      "swollen eye": 0.66,
      "skin rash": 0.14,
      "skin irritation": 0.9024390243902439,
      "skin growth": 0.926829268292683,
      "skin dryness": 0.9166666666666666,
      "foot swelling": 1.0,
      "knee swelling": 1.0,
      "itichy eyelid": 0.75,
      "hand lump": 1.0,
      "eye redness": 0.88,
      "edema": 1.0,
      "dry scalp": 1.0,
      "cyanosis": 0.875,
      "eye inflamation": 0.8333333333333334
    }
  }
}