{
  "mode": "image",
  "timestamp": "2026-01-15T02:42:33.791650",
  "top_k": 10,
  "num_queries": 3015,
  "metrics": {
    "R@1": 0.9893864013266999,
    "P@1": 0.9893864013266999,
    "R@5": 0.9907131011608623,
    "P@5": 0.9665671641791048,
    "R@10": 0.993698175787728,
    "P@10": 0.9477611940298509,
    "MRR": 0.9901754455237042
  }
}