{
  "mode": "text_no_lora",
  "timestamp": "2026-01-30T21:55:15.989976",
  "top_k": 10,
  "num_queries": 18,
  "metrics": {
    "R@1": 0.7777777777777778,
    "P@1": 0.7777777777777778,
    "R@5": 1.0,
    "P@5": 0.20000000000000007,
    "R@10": 1.0,
    "P@10": 0.10000000000000003,
    "MRR": 0.8888888888888888,
    "per_label_accuracy": {
      "swollen tonsils": 1.0,
      "neck swelling": 1.0,
      "lip swelling": 1.0,
      "mouth ulcers": 1.0,
      "swollen eye": 0.0,
      "skin rash": 1.0,
      "skin irritation": 1.0,
      "skin growth": 1.0,
      "skin dryness": 1.0,
      "foot swelling": 1.0,
      "knee swelling": 1.0,
      "itichy eyelid": 0.0,
      "hand lump": 1.0,
      "eye redness": 0.0,
      "edema": 1.0,
      "dry scalp": 0.0,
      "cyanosis": 1.0,
      "eye inflamation": 1.0
    }
  }
}