{
  "mode": "text",
  "timestamp": "2026-01-15T02:39:13.134480",
  "top_k": 10,
  "num_queries": 3015,
  "metrics": {
    "R@1": 0.6517412935323383,
    "P@1": 0.6517412935323383,
    "R@5": 0.6517412935323383,
    "P@5": 0.6344278606965152,
    "R@10": 1.0,
    "P@10": 0.798739635157545,
    "MRR": 0.709784411276968
  }
}